"id","name","url","status"
"275","Boston College Eagles","https://www.tickpick.com/ncaa-basketball/boston-college-eagles-basketball-tickets/","Done"
"1","Arizona Diamondbacks","https://www.tickpick.com/mlb/arizona-diamondbacks-tickets/","Done"
"19","New York Yankees","https://www.tickpick.com/mlb/new-york-yankees-tickets/","Done"
"3","Baltimore Orioles","https://www.tickpick.com/mlb/baltimore-orioles-tickets/","Done"
"6","Chicago White Sox","https://www.tickpick.com/mlb/chicago-white-sox-tickets/","Done"
"2","Atlanta Braves","https://www.tickpick.com/mlb/atlanta-braves-tickets/","Done"
"5","Chicago Cubs","https://www.tickpick.com/mlb/chicago-cubs-tickets/","Done"
"194","Beauty and The Beast","https://www.tickpick.com/theater/beauty-and-the-beast-tickets/","Done"
"12","Kansas City Royals","https://www.tickpick.com/mlb/kansas-city-royals-tickets/","Done"
"7","Cincinnati Reds","https://www.tickpick.com/mlb/cincinnati-reds-tickets/","Done"
"8","Cleveland Guardians","https://www.tickpick.com/mlb/cleveland-guardians-tickets/","Done"
"9","Colorado Rockies","https://www.tickpick.com/mlb/colorado-rockies-tickets/","Done"
"192","Steve Martin","https://www.tickpick.com/comedy/steve-martin-tickets/","Done"
"208","Boston College Eagles","https://www.tickpick.com/ncaa-football/boston-college-eagles-football-tickets/","Done"
"233","Northwestern Wildcats","https://www.tickpick.com/ncaa-football/northwestern-wildcats-football-tickets/","Done"
"263","Cincinnati Bearcats","https://www.tickpick.com/ncaa-football/cincinnati-bearcats-football-tickets/","Done"
"309","Illinois Fighting Illini","https://www.tickpick.com/ncaa-basketball/illinois-fighting-illini-basketball-tickets/","Done"
"336","Missouri Tigers","https://www.tickpick.com/ncaa-basketball/missouri-tigers-basketball-tickets/","Done"
"338","South Carolina Gamecocks","https://www.tickpick.com/ncaa-basketball/south-carolina-gamecocks-basketball-tickets/","Done"
"432","Colorado Rapids","https://www.tickpick.com/mls/colorado-rapids-tickets/","Done"
"493","Washington Spirit","https://www.tickpick.com/soccer/washington-spirit-tickets/","Done"
"73","Boston Celtics","https://www.tickpick.com/nba/boston-celtics-tickets/","Done"
"72","Atlanta Hawks","https://www.tickpick.com/nba/atlanta-hawks-tickets/","Done"
"10","Detroit Tigers","https://www.tickpick.com/mlb/detroit-tigers-tickets/","Done"
"11","Houston Astros","https://www.tickpick.com/mlb/houston-astros-tickets/","Done"
"14","Los Angeles Dodgers","https://www.tickpick.com/mlb/los-angeles-dodgers-tickets/","Done"
"16","Milwaukee Brewers","https://www.tickpick.com/mlb/milwaukee-brewers-tickets/","Failed"
"18","New York Mets","https://www.tickpick.com/mlb/new-york-mets-tickets/","Done"
"189","Morgan Jay","https://www.tickpick.com/comedy/morgan-jay-tickets/","Done"
"15","Miami Marlins","https://www.tickpick.com/mlb/miami-marlins-tickets/","Done"
"17","Minnesota Twins","https://www.tickpick.com/mlb/minnesota-twins-tickets/","Done"
"21","Pittsburgh Pirates","https://www.tickpick.com/mlb/pittsburgh-pirates-tickets/","Done"
"20","Philadelphia Phillies","https://www.tickpick.com/mlb/philadelphia-phillies-tickets/","Done"
"22","San Diego Padres","https://www.tickpick.com/mlb/san-diego-padres-tickets/","Done"
"25","St. Louis Cardinals","https://www.tickpick.com/mlb/st-louis-cardinals-tickets/","Done"
"198","Hamilton","https://www.tickpick.com/theater/hamilton-tickets/","Done"
"24","Seattle Mariners","https://www.tickpick.com/mlb/seattle-mariners-tickets/","Done"
"197","Hadestown","https://www.tickpick.com/theater/hadestown-tickets/","Done"
"23","San Francisco Giants","https://www.tickpick.com/mlb/san-francisco-giants-tickets/","Done"
"278","Duke Blue Devils","https://www.tickpick.com/ncaa-basketball/duke-blue-devils-basketball-tickets/","Done"
"28","The Athletics","https://www.tickpick.com/mlb/the-athletics-tickets/","Done"
"31","World Series","https://www.tickpick.com/mlb/world-series-tickets/","Done"
"30","Washington Nationals","https://www.tickpick.com/mlb/washington-nationals-tickets/","Done"
"33","MLB All Star Game","https://www.tickpick.com/mlb/mlb-all-star-game-tickets/","Done"
"27","Texas Rangers","https://www.tickpick.com/mlb/texas-rangers-tickets/","Done"
"272","UCF Knights","https://www.tickpick.com/ncaa-football/ucf-knights-football-tickets/","Done"
"41","Chicago Blackhawks","https://www.tickpick.com/nhl/chicago-blackhawks-tickets/","Done"
"36","Anaheim Ducks","https://www.tickpick.com/nhl/anaheim-ducks-tickets/","Done"
"326","Wisconsin Badgers","https://www.tickpick.com/ncaa-basketball/wisconsin-badgers-basketball-tickets/","Done"
"330","Florida Gators","https://www.tickpick.com/ncaa-basketball/florida-gators-basketball-tickets/","Done"
"328","Arkansas Razorbacks","https://www.tickpick.com/ncaa-basketball/arkansas-razorbacks-basketball-tickets/","Done"
"334","Mississippi Rebels","https://www.tickpick.com/ncaa-basketball/mississippi-rebels-basketball-tickets/","Done"
"329","Auburn Tigers","https://www.tickpick.com/ncaa-basketball/auburn-tigers-basketball-tickets/","Done"
"331","Georgia Bulldogs","https://www.tickpick.com/ncaa-basketball/georgia-bulldogs-basketball-tickets/","Done"
"332","Kentucky Wildcats","https://www.tickpick.com/ncaa-basketball/kentucky-wildcats-basketball-tickets/","Done"
"40","Carolina Hurricanes","https://www.tickpick.com/nhl/carolina-hurricanes-tickets/","Done"
"42","Colorado Avalanche","https://www.tickpick.com/nhl/colorado-avalanche-tickets/","Done"
"38","Buffalo Sabres","https://www.tickpick.com/nhl/buffalo-sabres-tickets/","Done"
"47","Florida Panthers","https://www.tickpick.com/nhl/florida-panthers-tickets/","Done"
"39","Calgary Flames","https://www.tickpick.com/nhl/calgary-flames-tickets/","Done"
"44","Dallas Stars","https://www.tickpick.com/nhl/dallas-stars-tickets/","Done"
"45","Detroit Red Wings","https://www.tickpick.com/nhl/detroit-red-wings-tickets/","Done"
"46","Edmonton Oilers","https://www.tickpick.com/nhl/edmonton-oilers-tickets/","Done"
"43","Columbus Blue Jackets","https://www.tickpick.com/nhl/columbus-blue-jackets-tickets/","Done"
"49","Minnesota Wild","https://www.tickpick.com/nhl/minnesota-wild-tickets/","Done"
"52","New Jersey Devils","https://www.tickpick.com/nhl/new-jersey-devils-tickets/","Done"
"48","Los Angeles Kings","https://www.tickpick.com/nhl/los-angeles-kings-tickets/","Done"
"58","San Jose Sharks","https://www.tickpick.com/nhl/san-jose-sharks-tickets/","Done"
"50","Montreal Canadiens","https://www.tickpick.com/nhl/montreal-canadiens-tickets/","Done"
"54","New York Rangers","https://www.tickpick.com/nhl/new-york-rangers-tickets/","Done"
"55","Ottawa Senators","https://www.tickpick.com/nhl/ottawa-senators-tickets/","Done"
"53","New York Islanders","https://www.tickpick.com/nhl/new-york-islanders-tickets/","Done"
"387","Ultra Music Festival","https://www.tickpick.com/concerts/ultra-music-festival-tickets/","Done"
"391","CMA Music Festival","https://www.tickpick.com/concerts/cma-music-festival-tickets/","Done"
"390","Buckeye Country Superfest","https://www.tickpick.com/concerts/buckeye-country-superfest-tickets/","Done"
"393","Country Thunder","https://www.tickpick.com/concerts/country-thunder-tickets/","Done"
"395","Newport Folk Festival","https://www.tickpick.com/concerts/newport-folk-festival-tickets/","Done"
"399","Stagecoach Festival","https://www.tickpick.com/concerts/stagecoach-festival-tickets/","Done"
"402","Tortuga Music Festival","https://www.tickpick.com/concerts/tortuga-music-festival-tickets/","Done"
"407","Indiana Fever","https://www.tickpick.com/wnba/indiana-fever-tickets/","Done"
"411","Las Vegas Aces","https://www.tickpick.com/wnba/las-vegas-aces-tickets/","Done"
"413","Minnesota Lynx","https://www.tickpick.com/wnba/minnesota-lynx-tickets/","Done"
"414","Phoenix Mercury","https://www.tickpick.com/wnba/phoenix-mercury-tickets/","Done"
"416","Atlanta United FC","https://www.tickpick.com/mls/atlanta-united-fc-tickets/","Done"
"62","Toronto Maple Leafs","https://www.tickpick.com/nhl/toronto-maple-leafs-tickets/","Done"
"56","Philadelphia Flyers","https://www.tickpick.com/nhl/philadelphia-flyers-tickets/","Done"
"67","Winnipeg Jets","https://www.tickpick.com/nhl/winnipeg-jets-tickets/","Done"
"77","Cleveland Cavaliers","https://www.tickpick.com/nba/cleveland-cavaliers-tickets/","Done"
"65","Vegas Golden Knights","https://www.tickpick.com/nhl/vegas-golden-knights-tickets/","Done"
"74","Brooklyn Nets","https://www.tickpick.com/nba/brooklyn-nets-tickets/","Done"
"76","Chicago Bulls","https://www.tickpick.com/nba/chicago-bulls-tickets/","Done"
"78","Dallas Mavericks","https://www.tickpick.com/nba/dallas-mavericks-tickets/","Done"
"82","Houston Rockets","https://www.tickpick.com/nba/houston-rockets-tickets/","Done"
"80","Detroit Pistons","https://www.tickpick.com/nba/detroit-pistons-tickets/","Done"
"81","Golden State Warriors","https://www.tickpick.com/nba/golden-state-warriors-tickets/","Done"
"79","Denver Nuggets","https://www.tickpick.com/nba/denver-nuggets-tickets/","Done"
"89","Minnesota Timberwolves","https://www.tickpick.com/nba/minnesota-timberwolves-tickets/","Done"
"84","Los Angeles Clippers","https://www.tickpick.com/nba/los-angeles-clippers-tickets/","Done"
"417","CF Montreal","https://www.tickpick.com/mls/cf-montreal-tickets/","Done"
"83","Indiana Pacers","https://www.tickpick.com/nba/indiana-pacers-tickets/","Done"
"85","Los Angeles Lakers","https://www.tickpick.com/nba/los-angeles-lakers-tickets/","Done"
"467","Argentina","https://www.tickpick.com/soccer/argentina-tickets/","Done"
"466","Angel City FC","https://www.tickpick.com/soccer/angel-city-fc-tickets/","Done"
"468","Australia","https://www.tickpick.com/soccer/australia-tickets/","Done"
"469","Campeones Cup","https://www.tickpick.com/soccer/campeones-cup-tickets/","Done"
"471","Chivas Guadalajara","https://www.tickpick.com/soccer/chivas-guadalajara-tickets/","Done"
"470","Canada","https://www.tickpick.com/soccer/canada-tickets/","Done"
"473","Colombia","https://www.tickpick.com/soccer/colombia-tickets/","Done"
"472","Club America","https://www.tickpick.com/soccer/club-america-tickets/","Done"
"474","Deportivo Toluca FC","https://www.tickpick.com/soccer/deportivo-toluca-fc-tickets/","Done"
"475","Ecuador","https://www.tickpick.com/soccer/ecuador-tickets/","Done"
"476","El Clasico de Mexico","https://www.tickpick.com/soccer/el-clasico-de-mexico-tickets/","Done"
"477","Houston Dash","https://www.tickpick.com/soccer/houston-dash-tickets/","Done"
"88","Milwaukee Bucks","https://www.tickpick.com/nba/milwaukee-bucks-tickets/","Done"
"87","Miami Heat","https://www.tickpick.com/nba/miami-heat-tickets/","Done"
"86","Memphis Grizzlies","https://www.tickpick.com/nba/memphis-grizzlies-tickets/","Done"
"92","Oklahoma City Thunder","https://www.tickpick.com/nba/oklahoma-city-thunder-tickets/","Done"
"90","New Orleans Pelicans","https://www.tickpick.com/nba/new-orleans-pelicans-tickets/","Done"
"91","New York Knicks","https://www.tickpick.com/nba/new-york-knicks-tickets/","Done"
"93","Orlando Magic","https://www.tickpick.com/nba/orlando-magic-tickets/","Done"
"479","Ireland","https://www.tickpick.com/soccer/ireland-tickets/","Done"
"95","Phoenix Suns","https://www.tickpick.com/nba/phoenix-suns-tickets/","Done"
"480","Mexico","https://www.tickpick.com/soccer/mexico-tickets/","Done"
"482","New Zealand","https://www.tickpick.com/soccer/new-zealand-tickets/","Done"
"98","San Antonio Spurs","https://www.tickpick.com/nba/san-antonio-spurs-tickets/","Done"
"524","BNP Paribas Open","https://www.tickpick.com/tennis/bnp-paribas-open-tickets/","Done"
"530","National Bank Open","https://www.tickpick.com/tennis/national-bank-open-tickets/","Done"
"529","Miami Open Tennis","https://www.tickpick.com/tennis/miami-open-tennis-tickets/","Done"
"534","Belmont Stakes Racing Festival","https://www.tickpick.com/racing/belmont-stakes-racing-festival-tickets/","Done"
"535","Kentucky Derby","https://www.tickpick.com/racing/kentucky-derby-tickets/","Done"
"536","Preakness Stakes","https://www.tickpick.com/racing/preakness-stakes-tickets/","Done"
"537","Breeders Cup","https://www.tickpick.com/racing/breeders-cup-tickets/","Done"
"541","Bare Knuckle Fighting Championship","https://www.tickpick.com/mixed-martial-arts/bare-knuckle-fighting-championship-tickets/","Done"
"543","BKFC 82","https://www.tickpick.com/mixed-martial-arts/bkfc-82-tickets/","Done"
"544","BKFC Fight Night","https://www.tickpick.com/mixed-martial-arts/bkfc-fight-night-tickets/","Done"
"545","LFA MMA","https://www.tickpick.com/mixed-martial-arts/lfa-mma-tickets/","Done"
"96","Portland Trail Blazers","https://www.tickpick.com/nba/portland-trail-blazers-tickets/","Done"
"97","Sacramento Kings","https://www.tickpick.com/nba/sacramento-kings-tickets/","Done"
"99","Toronto Raptors","https://www.tickpick.com/nba/toronto-raptors-tickets/","Done"
"103","NBA All Star Game","https://www.tickpick.com/nba/nba-all-star-game-tickets/","Done"
"100","Utah Jazz","https://www.tickpick.com/nba/utah-jazz-tickets/","Done"
"101","Washington Wizards","https://www.tickpick.com/nba/washington-wizards-tickets/","Done"
"104","NBA Slam Dunk Contest","https://www.tickpick.com/nba/nba-all-star-saturday-night-tickets/","Done"
"549","ONE Championship 173","https://www.tickpick.com/mixed-martial-arts/one-championship-173-tickets/","Done"
"548","ONE Championship","https://www.tickpick.com/mixed-martial-arts/one-championship-tickets/","Done"
"550","Power Slap 15","https://www.tickpick.com/mixed-martial-arts/power-slap-15-tickets/","Done"
"554","WFC 182","https://www.tickpick.com/mixed-martial-arts/wfc-182-tickets/","Done"
"555","Alex Pereira","https://www.tickpick.com/mixed-martial-arts/alex-pereira-tickets/","Done"
"207","Wicked","https://www.tickpick.com/theater/wicked-tickets/","Done"
"205","The Outsiders","https://www.tickpick.com/theater/the-outsiders-tickets/","Done"
"37","Boston Bruins","https://www.tickpick.com/nhl/boston-bruins-tickets/","Done"
"35","MLB Playoffs","https://www.tickpick.com/mlb/mlb-playoffs-tickets/","Done"
"75","Charlotte Hornets","https://www.tickpick.com/nba/charlotte-hornets-tickets/","Done"
"26","Tampa Bay Rays","https://www.tickpick.com/mlb/tampa-bay-rays-tickets/","Done"
"57","Pittsburgh Penguins","https://www.tickpick.com/nhl/pittsburgh-penguins-tickets/","Done"
"61","Tampa Bay Lightning","https://www.tickpick.com/nhl/tampa-bay-lightning-tickets/","Done"
"59","Seattle Kraken","https://www.tickpick.com/nhl/seattle-kraken-tickets/","Done"
"107","Atlanta Falcons","https://www.tickpick.com/nfl/atlanta-falcons-tickets/","Done"
"106","Arizona Cardinals","https://www.tickpick.com/nfl/arizona-cardinals-tickets/","Done"
"108","Baltimore Ravens","https://www.tickpick.com/nfl/baltimore-ravens-tickets/","Done"
"13","Los Angeles Angels","https://www.tickpick.com/mlb/los-angeles-angels-tickets/","Done"
"109","Buffalo Bills","https://www.tickpick.com/nfl/buffalo-bills-tickets/","Done"
"110","Carolina Panthers","https://www.tickpick.com/nfl/carolina-panthers-tickets/","Done"
"60","St. Louis Blues","https://www.tickpick.com/nhl/st-louis-blues-tickets/","Done"
"111","Chicago Bears","https://www.tickpick.com/nfl/chicago-bears-tickets/","Done"
"112","Cincinnati Bengals","https://www.tickpick.com/nfl/cincinnati-bengals-tickets/","Done"
"115","Denver Broncos","https://www.tickpick.com/nfl/denver-broncos-tickets/","Done"
"113","Cleveland Browns","https://www.tickpick.com/nfl/cleveland-browns-tickets/","Done"
"34","MLB Home Run Derby","https://www.tickpick.com/mlb/mlb-home-run-derby-tickets/","Done"
"51","Nashville Predators","https://www.tickpick.com/nhl/nashville-predators-tickets/","Done"
"131","Philadelphia Eagles","https://www.tickpick.com/nfl/philadelphia-eagles-tickets/","Done"
"142","Cardi B","https://www.tickpick.com/concerts/cardi-b-tickets/","Done"
"180","Dave Chappelle","https://www.tickpick.com/comedy/dave-chappelle-tickets/","Done"
"212","Florida State Seminoles","https://www.tickpick.com/ncaa-football/florida-state-seminoles-football-tickets/","Done"
"146","Machine Gun Kelly","https://www.tickpick.com/concerts/machine-gun-kelly-tickets/","Done"
"236","Penn State Nittany Lions","https://www.tickpick.com/ncaa-football/penn-state-nittany-lions-football-tickets/","Done"
"270","TCU Horned Frogs","https://www.tickpick.com/ncaa-football/tcu-horned-frogs-football-tickets/","Done"
"94","Philadelphia 76ers","https://www.tickpick.com/nba/philadelphia-76ers-tickets/","Done"
"962","Bay FC","https://www.tickpick.com/soccer/bay-fc-tickets/","Done"
"114","Dallas Cowboys","https://www.tickpick.com/nfl/dallas-cowboys-tickets/","Done"
"979","Lyric Opera of Chicago","https://www.tickpick.com/theater/lyric-opera-of-chicago-tickets/","Done"
"116","Detroit Lions","https://www.tickpick.com/nfl/detroit-lions-tickets/","Done"
"117","Green Bay Packers","https://www.tickpick.com/nfl/green-bay-packers-tickets/","Done"
"118","Houston Texans","https://www.tickpick.com/nfl/houston-texans-tickets/","Done"
"119","Indianapolis Colts","https://www.tickpick.com/nfl/indianapolis-colts-tickets/","Done"
"120","Jacksonville Jaguars","https://www.tickpick.com/nfl/jacksonville-jaguars-tickets/","Done"
"121","Kansas City Chiefs","https://www.tickpick.com/nfl/kansas-city-chiefs-tickets/","Done"
"122","Las Vegas Raiders","https://www.tickpick.com/nfl/las-vegas-raiders-tickets/","Done"
"123","Los Angeles Chargers","https://www.tickpick.com/nfl/los-angeles-chargers-tickets/","Done"
"124","Los Angeles Rams","https://www.tickpick.com/nfl/los-angeles-rams-tickets/","Done"
"126","Minnesota Vikings","https://www.tickpick.com/nfl/minnesota-vikings-tickets/","Done"
"127","New England Patriots","https://www.tickpick.com/nfl/new-england-patriots-tickets/","Done"
"128","New Orleans Saints","https://www.tickpick.com/nfl/new-orleans-saints-tickets/","Done"
"963","Clasico de Leyendas","https://www.tickpick.com/soccer/clasico-de-leyendas-tickets/","Done"
"968","Mel Robbins","https://www.tickpick.com/theater/mel-robbins-tickets/","Done"
"967","Just in Time","https://www.tickpick.com/theater/just-in-time-tickets/","Done"
"970","Mamma Mia!","https://www.tickpick.com/theater/mamma-mia!-tickets/","Done"
"969","Hell's Kitchen - The Musical","https://www.tickpick.com/theater/hells-kitchen-the-musical-tickets/","Done"
"972","Elf - The Musical","https://www.tickpick.com/theater/elf-the-musical-tickets/","Done"
"973","Purple Rain - The Musical","https://www.tickpick.com/theater/purple-rain-the-musical-tickets/","Done"
"195","Disney On Ice","https://www.tickpick.com/theater/disney-on-ice-tickets/","Done"
"975","New York City Ballet","https://www.tickpick.com/theater/new-york-city-ballet-tickets/","Done"
"976","Gabby's Dollhouse Live!","https://www.tickpick.com/theater/gabbys-dollhouse-live!-tickets/","Done"
"974","The Sound Of Music","https://www.tickpick.com/theater/the-sound-of-music-tickets/","Done"
"980","Notre Dame Fighting Irish","https://www.tickpick.com/ncaa-football/notre-dame-fighting-irish-football-tickets/","Done"
"977","Disney On Ice: Frozen & Encanto","https://www.tickpick.com/theater/disney-on-ice-frozen-encanto-tickets/","Done"
"971","& Juliet - Musical","https://www.tickpick.com/theater/-juliet-musical-tickets/","Done"
"202","Six The Musical","https://www.tickpick.com/theater/six-the-musical-tickets/","Done"
"200","Les Miserables","https://www.tickpick.com/theater/les-miserables-tickets/","Done"
"966","The Nutcracker","https://www.tickpick.com/theater/the-nutcracker-tickets/","Done"
"965","Cirque du Soleil","https://www.tickpick.com/theater/cirque-du-soleil-tickets/","Failed"
"978","A Night of Mellon Collie and Infinite Sadness with Billy Corgan","https://www.tickpick.com/theater/a-night-of-mellon-collie-and-infinite-sadness-with-billy-corgan-tickets/","Done"
"495","World Cup Soccer","https://www.tickpick.com/soccer/world-cup-soccer-tickets/","Done"
"129","New York Giants","https://www.tickpick.com/nfl/new-york-giants-tickets/","Done"
"130","New York Jets","https://www.tickpick.com/nfl/new-york-jets-tickets/","Done"
"132","Pittsburgh Steelers","https://www.tickpick.com/nfl/pittsburgh-steelers-tickets/","Done"
"134","Seattle Seahawks","https://www.tickpick.com/nfl/seattle-seahawks-tickets/","Done"
"133","San Francisco 49ers","https://www.tickpick.com/nfl/san-francisco-49ers-tickets/","Done"
"135","Tampa Bay Buccaneers","https://www.tickpick.com/nfl/tampa-bay-buccaneers-tickets/","Done"
"137","Washington Commanders","https://www.tickpick.com/nfl/washington-commanders-tickets/","Done"
"136","Tennessee Titans","https://www.tickpick.com/nfl/tennessee-titans-tickets/","Done"
"138","Super Bowl","https://www.tickpick.com/nfl/super-bowl-tickets/","Done"
"143","Doechii","https://www.tickpick.com/concerts/doechii-tickets/","Done"
"144","Joey Valence","https://www.tickpick.com/concerts/joey-valence-tickets/","Done"
"145","Kevin Gates","https://www.tickpick.com/concerts/kevin-gates-tickets/","Done"
"147","NBA Youngboy","https://www.tickpick.com/concerts/nba-youngboy-tickets/","Done"
"149","Suicideboys","https://www.tickpick.com/concerts/suicideboys-tickets/","Done"
"150","T-Pain","https://www.tickpick.com/concerts/t-pain-tickets/","Done"
"148","Playboi Carti","https://www.tickpick.com/concerts/playboi-carti-tickets/","Done"
"152","Backstreet Boys","https://www.tickpick.com/concerts/backstreet-boys-tickets/","Done"
"151","Ariana Grande","https://www.tickpick.com/concerts/ariana-grande-tickets/","Done"
"154","Dua Lipa","https://www.tickpick.com/concerts/dua-lipa-tickets/","Done"
"155","Katseye","https://www.tickpick.com/concerts/katseye-tickets/","Done"
"156","Paul McCartney","https://www.tickpick.com/concerts/paul-mccartney-tickets/","Done"
"153","Billie Eilish","https://www.tickpick.com/concerts/billie-eilish-tickets/","Done"
"159","The Eagles","https://www.tickpick.com/concerts/the-eagles-tickets/","Done"
"158","Stevie Nicks","https://www.tickpick.com/concerts/stevie-nicks-tickets/","Done"
"160","Dolly Parton","https://www.tickpick.com/concerts/dolly-parton-tickets/","Done"
"157","Sabrina Carpenter","https://www.tickpick.com/concerts/sabrina-carpenter-tickets/","Done"
"161","Drake Milligan","https://www.tickpick.com/concerts/drake-milligan-tickets/","Done"
"163","Lauren Watkins","https://www.tickpick.com/concerts/lauren-watkins-tickets/","Done"
"162","Lainey Wilson","https://www.tickpick.com/concerts/lainey-wilson-tickets/","Done"
"165","Megan Moroney","https://www.tickpick.com/concerts/megan-moroney-tickets/","Done"
"164","Maddox Batson","https://www.tickpick.com/concerts/maddox-batson-tickets/","Done"
"166","Muscadine Bloodline","https://www.tickpick.com/concerts/muscadine-bloodline-tickets/","Done"
"169","Benson Boone","https://www.tickpick.com/concerts/benson-boone-tickets/","Done"
"167","Riley Green","https://www.tickpick.com/concerts/riley-green-tickets/","Done"
"168","Tate McRae","https://www.tickpick.com/concerts/tate-mcrae-tickets/","Done"
"170","Breezy Bowl XX","https://www.tickpick.com/concerts/breezy-bowl-xx-tickets/","Done"
"171","Bryson Tiller","https://www.tickpick.com/concerts/bryson-tiller-tickets/","Done"
"172","Chris Brown","https://www.tickpick.com/concerts/chris-brown-tickets/","Done"
"175","Lorde","https://www.tickpick.com/concerts/lorde-tickets/","Done"
"173","CIL - Artist","https://www.tickpick.com/concerts/cil-artist-tickets/","Done"
"177","Summer Walker","https://www.tickpick.com/concerts/summer-walker-tickets/","Done"
"176","Sleep Token","https://www.tickpick.com/concerts/sleep-token-tickets/","Done"
"174","Lady Gaga","https://www.tickpick.com/concerts/lady-gaga-tickets/","Done"
"178","Adam Sandler","https://www.tickpick.com/comedy/adam-sandler-tickets/","Done"
"181","Gabriel Iglesias","https://www.tickpick.com/comedy/gabriel-iglesias-tickets/","Done"
"179","Bert Kreischer","https://www.tickpick.com/comedy/bert-kreischer-tickets/","Done"
"182","Jerry Seinfeld","https://www.tickpick.com/comedy/jerry-seinfeld-tickets/","Done"
"185","Katt Williams","https://www.tickpick.com/comedy/katt-williams-tickets/","Done"
"183","Jo Koy","https://www.tickpick.com/comedy/jo-koy-tickets/","Done"
"186","Larry David","https://www.tickpick.com/comedy/larry-david-tickets/","Done"
"187","Louis C.K.","https://www.tickpick.com/comedy/louis-c-k--tickets/","Done"
"191","Shane Gillis","https://www.tickpick.com/comedy/shane-gillis-tickets/","Done"
"184","John Mulaney","https://www.tickpick.com/comedy/john-mulaney-tickets/","Done"
"188","Martin Short","https://www.tickpick.com/comedy/martin-short-tickets/","Done"
"209","California Golden Bears","https://www.tickpick.com/ncaa-football/california-golden-bears-football-tickets/","Done"
"190","Nate Bargatze","https://www.tickpick.com/comedy/nate-bargatze-tickets/","Done"
"210","Clemson Tigers","https://www.tickpick.com/ncaa-football/clemson-tigers-football-tickets/","Done"
"211","Duke Blue Devils","https://www.tickpick.com/ncaa-football/duke-blue-devils-football-tickets/","Done"
"201","Radio City Christmas Spectacular","https://www.tickpick.com/theater/radio-city-christmas-spectacular-tickets/","Done"
"193","A Beautiful Noise: Music of Neil Diamond","https://www.tickpick.com/theater/a-beautiful-noise-music-of-neil-diamond-tickets/","Done"
"206","The Phantom Of The Opera","https://www.tickpick.com/theater/the-phantom-of-the-opera-tickets/","Done"
"213","Georgia Tech Yellow Jackets","https://www.tickpick.com/ncaa-football/georgia-tech-yellow-jackets-football-tickets/","Done"
"214","Louisville Cardinals","https://www.tickpick.com/ncaa-football/louisville-cardinals-football-tickets/","Done"
"215","Miami Hurricanes","https://www.tickpick.com/ncaa-football/miami-hurricanes-football-tickets/","Done"
"216","North Carolina State Wolfpack","https://www.tickpick.com/ncaa-football/north-carolina-state-wolfpack-football-tickets/","Done"
"217","North Carolina Tar Heels","https://www.tickpick.com/ncaa-football/north-carolina-tar-heels-football-tickets/","Done"
"219","SMU Mustangs","https://www.tickpick.com/ncaa-football/smu-mustangs-football-tickets/","Done"
"218","Pittsburgh Panthers","https://www.tickpick.com/ncaa-football/pittsburgh-panthers-football-tickets/","Done"
"220","Stanford Cardinal","https://www.tickpick.com/ncaa-football/stanford-cardinal-football-tickets/","Done"
"221","Syracuse Orange","https://www.tickpick.com/ncaa-football/syracuse-orange-football-tickets/","Done"
"222","Virginia Cavaliers","https://www.tickpick.com/ncaa-football/virginia-cavaliers-football-tickets/","Done"
"203","The Book Of Mormon","https://www.tickpick.com/theater/the-book-of-mormon-tickets/","Done"
"223","Virginia Tech Hokies","https://www.tickpick.com/ncaa-football/virginia-tech-hokies-football-tickets/","Done"
"225","Illinois Fighting Illini","https://www.tickpick.com/ncaa-football/illinois-fighting-illini-football-tickets/","Done"
"224","Wake Forest Demon Deacons","https://www.tickpick.com/ncaa-football/wake-forest-demon-deacons-football-tickets/","Done"
"226","Indiana Hoosiers","https://www.tickpick.com/ncaa-football/indiana-hoosiers-football-tickets/","Done"
"227","Iowa Hawkeyes","https://www.tickpick.com/ncaa-football/iowa-hawkeyes-football-tickets/","Done"
"228","Maryland Terrapins","https://www.tickpick.com/ncaa-football/maryland-terrapins-football-tickets/","Done"
"229","Michigan State Spartans","https://www.tickpick.com/ncaa-football/michigan-state-spartans-football-tickets/","Done"
"230","Michigan Wolverines","https://www.tickpick.com/ncaa-football/michigan-wolverines-football-tickets/","Done"
"231","Minnesota Golden Gophers","https://www.tickpick.com/ncaa-football/minnesota-golden-gophers-football-tickets/","Done"
"232","Nebraska Cornhuskers","https://www.tickpick.com/ncaa-football/nebraska-cornhuskers-football-tickets/","Done"
"234","Ohio State Buckeyes","https://www.tickpick.com/ncaa-football/ohio-state-buckeyes-football-tickets/","Done"
"235","Oregon Ducks","https://www.tickpick.com/ncaa-football/oregon-ducks-football-tickets/","Done"
"237","Purdue Boilermakers","https://www.tickpick.com/ncaa-football/purdue-boilermakers-football-tickets/","Done"
"238","Rutgers Scarlet Knights","https://www.tickpick.com/ncaa-football/rutgers-scarlet-knights-football-tickets/","Done"
"239","UCLA Bruins","https://www.tickpick.com/ncaa-football/ucla-bruins-football-tickets/","Done"
"240","USC Trojans","https://www.tickpick.com/ncaa-football/usc-trojans-football-tickets/","Done"
"241","Washington Huskies","https://www.tickpick.com/ncaa-football/washington-huskies-football-tickets/","Done"
"242","Wisconsin Badgers","https://www.tickpick.com/ncaa-football/wisconsin-badgers-football-tickets/","Done"
"243","Alabama Crimson Tide","https://www.tickpick.com/ncaa-football/alabama-crimson-tide-football-tickets/","Done"
"245","Auburn Tigers","https://www.tickpick.com/ncaa-football/auburn-tigers-football-tickets/","Done"
"244","Arkansas Razorbacks","https://www.tickpick.com/ncaa-football/arkansas-razorbacks-football-tickets/","Done"
"246","Florida Gators","https://www.tickpick.com/ncaa-football/florida-gators-football-tickets/","Done"
"247","Georgia Bulldogs","https://www.tickpick.com/ncaa-football/georgia-bulldogs-football-tickets/","Done"
"248","Kentucky Wildcats","https://www.tickpick.com/ncaa-football/kentucky-wildcats-football-tickets/","Done"
"250","Mississippi Rebels","https://www.tickpick.com/ncaa-football/mississippi-rebels-football-tickets/","Done"
"249","LSU Tigers","https://www.tickpick.com/ncaa-football/lsu-tigers-football-tickets/","Done"
"251","Mississippi State Bulldogs","https://www.tickpick.com/ncaa-football/mississippi-state-bulldogs-football-tickets/","Done"
"252","Missouri Tigers","https://www.tickpick.com/ncaa-football/missouri-tigers-football-tickets/","Done"
"253","Oklahoma Sooners","https://www.tickpick.com/ncaa-football/oklahoma-sooners-football-tickets/","Done"
"254","South Carolina Gamecocks","https://www.tickpick.com/ncaa-football/south-carolina-gamecocks-football-tickets/","Done"
"255","Tennessee Volunteers","https://www.tickpick.com/ncaa-football/tennessee-volunteers-football-tickets/","Done"
"256","Texas A&M Aggies","https://www.tickpick.com/ncaa-football/texas-am-aggies-football-tickets/","Done"
"257","Texas Longhorns","https://www.tickpick.com/ncaa-football/texas-longhorns-football-tickets/","Done"
"258","Vanderbilt Commodores","https://www.tickpick.com/ncaa-football/vanderbilt-commodores-football-tickets/","Done"
"259","Arizona State Sun Devils","https://www.tickpick.com/ncaa-football/arizona-state-sun-devils-football-tickets/","Done"
"260","Arizona Wildcats","https://www.tickpick.com/ncaa-football/arizona-wildcats-football-tickets/","Done"
"261","Baylor Bears","https://www.tickpick.com/ncaa-football/baylor-bears-football-tickets/","Done"
"262","BYU Cougars","https://www.tickpick.com/ncaa-football/byu-cougars-football-tickets/","Done"
"264","Colorado Buffaloes","https://www.tickpick.com/ncaa-football/colorado-buffaloes-football-tickets/","Done"
"265","Houston Cougars","https://www.tickpick.com/ncaa-football/houston-cougars-football-tickets/","Done"
"266","Iowa State Cyclones","https://www.tickpick.com/ncaa-football/iowa-state-cyclones-football-tickets/","Done"
"267","Kansas Jayhawks","https://www.tickpick.com/ncaa-football/kansas-jayhawks-football-tickets/","Done"
"268","Kansas State Wildcats","https://www.tickpick.com/ncaa-football/kansas-state-wildcats-football-tickets/","Done"
"269","Oklahoma State Cowboys","https://www.tickpick.com/ncaa-football/oklahoma-state-cowboys-football-tickets/","Done"
"271","Texas Tech Red Raiders","https://www.tickpick.com/ncaa-football/texas-tech-red-raiders-football-tickets/","Done"
"273","Utah Utes","https://www.tickpick.com/ncaa-football/utah-utes-football-tickets/","Done"
"274","West Virginia Mountaineers","https://www.tickpick.com/ncaa-football/west-virginia-mountaineers-football-tickets/","Done"
"277","Clemson Tigers","https://www.tickpick.com/ncaa-basketball/clemson-tigers-basketball-tickets/","Done"
"279","Florida State Seminoles","https://www.tickpick.com/ncaa-basketball/florida-state-seminoles-basketball-tickets/","Done"
"276","California Golden Bears","https://www.tickpick.com/ncaa-basketball/california-golden-bears-basketball-tickets/","Done"
"280","Georgia Tech Yellow Jackets","https://www.tickpick.com/ncaa-basketball/georgia-tech-yellow-jackets-basketball-tickets/","Done"
"282","Miami Hurricanes","https://www.tickpick.com/ncaa-basketball/miami-hurricanes-basketball-tickets/","Done"
"284","North Carolina Tar Heels","https://www.tickpick.com/ncaa-basketball/north-carolina-tar-heels-basketball-tickets/","Done"
"287","SMU Mustangs","https://www.tickpick.com/ncaa-basketball/smu-mustangs-basketball-tickets/","Done"
"289","Syracuse Orange","https://www.tickpick.com/ncaa-basketball/syracuse-orange-basketball-tickets/","Done"
"291","Virginia Tech Hokies","https://www.tickpick.com/ncaa-basketball/virginia-tech-hokies-basketball-tickets/","Done"
"290","Virginia Cavaliers","https://www.tickpick.com/ncaa-basketball/virginia-cavaliers-basketball-tickets/","Done"
"293","Arizona State Sun Devils","https://www.tickpick.com/ncaa-basketball/arizona-state-sun-devils-basketball-tickets/","Done"
"294","Arizona Wildcats","https://www.tickpick.com/ncaa-basketball/arizona-wildcats-basketball-tickets/","Done"
"297","Cincinnati Bearcats","https://www.tickpick.com/ncaa-basketball/cincinnati-bearcats-basketball-tickets/","Done"
"295","Baylor Bears","https://www.tickpick.com/ncaa-basketball/baylor-bears-basketball-tickets/","Done"
"298","Colorado Buffaloes","https://www.tickpick.com/ncaa-basketball/colorado-buffaloes-basketball-tickets/","Done"
"296","BYU Cougars","https://www.tickpick.com/ncaa-basketball/byu-cougars-basketball-tickets/","Done"
"300","Iowa State Cyclones","https://www.tickpick.com/ncaa-basketball/iowa-state-cyclones-basketball-tickets/","Done"
"299","Houston Cougars","https://www.tickpick.com/ncaa-basketball/houston-cougars-basketball-tickets/","Done"
"302","Kansas State Wildcats","https://www.tickpick.com/ncaa-basketball/kansas-state-wildcats-basketball-tickets/","Done"
"303","Oklahoma State Cowboys","https://www.tickpick.com/ncaa-basketball/oklahoma-state-cowboys-basketball-tickets/","Done"
"304","TCU Horned Frogs","https://www.tickpick.com/ncaa-basketball/tcu-horned-frogs-basketball-tickets/","Done"
"301","Kansas Jayhawks","https://www.tickpick.com/ncaa-basketball/kansas-jayhawks-basketball-tickets/","Done"
"305","Texas Tech Red Raiders","https://www.tickpick.com/ncaa-basketball/texas-tech-red-raiders-basketball-tickets/","Done"
"306","UCF Knights","https://www.tickpick.com/ncaa-basketball/ucf-knights-basketball-tickets/","Done"
"307","Utah Utes","https://www.tickpick.com/ncaa-basketball/utah-utes-basketball-tickets/","Done"
"308","West Virginia Mountaineers","https://www.tickpick.com/ncaa-basketball/west-virginia-mountaineers-basketball-tickets/","Done"
"310","Indiana Hoosiers","https://www.tickpick.com/ncaa-basketball/indiana-hoosiers-basketball-tickets/","Done"
"311","Iowa Hawkeyes","https://www.tickpick.com/ncaa-basketball/iowa-hawkeyes-basketball-tickets/","Done"
"312","Maryland Terrapins","https://www.tickpick.com/ncaa-basketball/maryland-terrapins-basketball-tickets/","Done"
"315","Minnesota Golden Gophers","https://www.tickpick.com/ncaa-basketball/minnesota-golden-gophers-basketball-tickets/","Done"
"313","Michigan State Spartans","https://www.tickpick.com/ncaa-basketball/michigan-state-spartans-basketball-tickets/","Done"
"314","Michigan Wolverines","https://www.tickpick.com/ncaa-basketball/michigan-wolverines-basketball-tickets/","Done"
"319","Oregon Ducks","https://www.tickpick.com/ncaa-basketball/oregon-ducks-basketball-tickets/","Done"
"316","Nebraska Cornhuskers","https://www.tickpick.com/ncaa-basketball/nebraska-cornhuskers-basketball-tickets/","Done"
"317","Northwestern Wildcats","https://www.tickpick.com/ncaa-basketball/northwestern-wildcats-basketball-tickets/","Done"
"320","Penn State Nittany Lions","https://www.tickpick.com/ncaa-basketball/penn-state-nittany-lions-basketball-tickets/","Done"
"318","Ohio State Buckeyes","https://www.tickpick.com/ncaa-basketball/ohio-state-buckeyes-basketball-tickets/","Done"
"323","UCLA Bruins","https://www.tickpick.com/ncaa-basketball/ucla-bruins-basketball-tickets/","Done"
"322","Rutgers Scarlet Knights","https://www.tickpick.com/ncaa-basketball/rutgers-scarlet-knights-basketball-tickets/","Done"
"321","Purdue Boilermakers","https://www.tickpick.com/ncaa-basketball/purdue-boilermakers-basketball-tickets/","Done"
"325","Washington Huskies","https://www.tickpick.com/ncaa-basketball/washington-huskies-basketball-tickets/","Done"
"324","USC Trojans","https://www.tickpick.com/ncaa-basketball/usc-trojans-basketball-tickets/","Done"
"333","LSU Tigers","https://www.tickpick.com/ncaa-basketball/lsu-tigers-basketball-tickets/","Done"
"335","Mississippi State Bulldogs","https://www.tickpick.com/ncaa-basketball/mississippi-state-bulldogs-basketball-tickets/","Done"
"337","Oklahoma Sooners","https://www.tickpick.com/ncaa-basketball/oklahoma-sooners-basketball-tickets/","Done"
"340","Texas A&M Aggies","https://www.tickpick.com/ncaa-basketball/texas-am-aggies-basketball-tickets/","Done"
"339","Tennessee Volunteers","https://www.tickpick.com/ncaa-basketball/tennessee-volunteers-basketball-tickets/","Done"
"342","Vanderbilt Commodores","https://www.tickpick.com/ncaa-basketball/vanderbilt-commodores-basketball-tickets/","Done"
"341","Texas Longhorns","https://www.tickpick.com/ncaa-basketball/texas-longhorns-basketball-tickets/","Done"
"345","DePaul Blue Demons","https://www.tickpick.com/ncaa-basketball/depaul-blue-demons-basketball-tickets/","Done"
"344","Creighton Bluejays","https://www.tickpick.com/ncaa-basketball/creighton-bluejays-basketball-tickets/","Done"
"343","Butler Bulldogs","https://www.tickpick.com/ncaa-basketball/butler-bulldogs-basketball-tickets/","Done"
"351","UConn Huskies","https://www.tickpick.com/ncaa-basketball/uconn-huskies-basketball-tickets/","Done"
"346","Georgetown Hoyas","https://www.tickpick.com/ncaa-basketball/georgetown-hoyas-basketball-tickets/","Done"
"347","Marquette Golden Eagles","https://www.tickpick.com/ncaa-basketball/marquette-golden-eagles-basketball-tickets/","Done"
"356","NCAA Womens Basketball Tournament","https://www.tickpick.com/ncaa-basketball/ncaa-womens-basketball-tournament-tickets/","Done"
"349","Seton Hall Pirates","https://www.tickpick.com/ncaa-basketball/seton-hall-pirates-basketball-tickets/","Done"
"355","NCAA Men's Final Four","https://www.tickpick.com/ncaa-basketball/ncaa-mens-final-four-tickets/","Done"
"350","St. Johns Red Storm","https://www.tickpick.com/ncaa-basketball/st-johns-red-storm-basketball-tickets/","Done"
"353","Xavier Musketeers","https://www.tickpick.com/ncaa-basketball/xavier-musketeers-basketball-tickets/","Done"
"358","Aftershock Festival","https://www.tickpick.com/concerts/aftershock-festival-tickets/","Done"
"352","Villanova Wildcats","https://www.tickpick.com/ncaa-basketball/villanova-wildcats-basketball-tickets/","Done"
"357","NCAA Womens Final Four","https://www.tickpick.com/college/ncaa-womens-final-four-tickets/","Done"
"361","Welcome To Rockville","https://www.tickpick.com/concerts/welcome-to-rockville-tickets/","Done"
"354","NCAA Men's Basketball Tournament","https://www.tickpick.com/college/ncaa-mens-basketball-tournament-tickets/","Done"
"362","Austin City Limits Music Festival","https://www.tickpick.com/concerts/austin-city-limits-music-festival-tickets/","Done"
"363","Bonnaroo","https://www.tickpick.com/concerts/bonnaroo-tickets/","Done"
"365","Coachella","https://www.tickpick.com/concerts/coachella-tickets/","Done"
"381","Electric Daisy Carnival","https://www.tickpick.com/concerts/electric-daisy-carnival-tickets/","Done"
"418","Charlotte FC","https://www.tickpick.com/mls/charlotte-fc-tickets/","Done"
"419","Chicago Fire FC","https://www.tickpick.com/mls/chicago-fire-fc-tickets/","Done"
"420","Columbus Crew","https://www.tickpick.com/mls/columbus-crew-tickets/","Done"
"421","D.C. United","https://www.tickpick.com/mls/d-c-united-tickets/","Done"
"422","FC Cincinnati","https://www.tickpick.com/mls/fc-cincinnati-tickets/","Done"
"426","New York City FC","https://www.tickpick.com/mls/new-york-city-fc-tickets/","Done"
"427","New York Red Bulls","https://www.tickpick.com/mls/new-york-red-bulls-tickets/","Done"
"425","New England Revolution","https://www.tickpick.com/mls/new-england-revolution-tickets/","Done"
"428","Orlando City SC","https://www.tickpick.com/mls/orlando-city-sc-tickets/","Done"
"431","Austin FC","https://www.tickpick.com/mls/austin-fc-tickets/","Done"
"429","Philadelphia Union","https://www.tickpick.com/mls/philadelphia-union-tickets/","Done"
"430","Toronto FC","https://www.tickpick.com/mls/toronto-fc-tickets/","Done"
"433","FC Dallas","https://www.tickpick.com/mls/fc-dallas-tickets/","Done"
"434","Houston Dynamo FC","https://www.tickpick.com/mls/houston-dynamo-fc-tickets/","Done"
"435","LA Galaxy","https://www.tickpick.com/mls/la-galaxy-tickets/","Done"
"436","Los Angeles FC","https://www.tickpick.com/mls/los-angeles-fc-tickets/","Done"
"438","Portland Timbers","https://www.tickpick.com/mls/portland-timbers-tickets/","Done"
"440","San Diego FC","https://www.tickpick.com/mls/san-diego-fc-tickets/","Done"
"439","Real Salt Lake","https://www.tickpick.com/mls/real-salt-lake-tickets/","Done"
"441","San Jose Earthquakes","https://www.tickpick.com/mls/san-jose-earthquakes-tickets/","Done"
"443","Sporting Kansas City","https://www.tickpick.com/mls/sporting-kansas-city-tickets/","Done"
"442","Seattle Sounders FC","https://www.tickpick.com/mls/seattle-sounders-fc-tickets/","Done"
"444","St. Louis City SC","https://www.tickpick.com/mls/st-louis-city-sc-tickets/","Done"
"445","Vancouver Whitecaps FC","https://www.tickpick.com/mls/vancouver-whitecaps-fc-tickets/","Done"
"483","North Carolina Courage","https://www.tickpick.com/soccer/north-carolina-courage-tickets/","Done"
"484","Paraguay","https://www.tickpick.com/soccer/paraguay-tickets/","Done"
"486","San Diego Wave FC","https://www.tickpick.com/soccer/san-diego-wave-fc-tickets/","Done"
"487","Seattle Reign FC","https://www.tickpick.com/soccer/seattle-reign-fc-tickets/","Done"
"488","Team USA - Soccer","https://www.tickpick.com/soccer/team-usa-soccer-tickets/","Done"
"490","Uruguay","https://www.tickpick.com/soccer/uruguay-tickets/","Done"
"492","Venezuela","https://www.tickpick.com/soccer/venezuela-tickets/","Done"
"491","USA Soccer","https://www.tickpick.com/soccer/usa-soccer-tickets/","Done"
"494","World Cup Final","https://www.tickpick.com/soccer/world-cup-final-tickets/","Done"
"497","WWE: NXT Live","https://www.tickpick.com/wrestling/wwe-nxt-live-tickets/","Done"
"498","WWE: Raw","https://www.tickpick.com/wrestling/wwe-raw-tickets/","Done"
"499","WWE: Smackdown","https://www.tickpick.com/wrestling/wwe-smackdown-tickets/","Done"
"500","WrestleMania","https://www.tickpick.com/wrestling/wrestlemania-tickets/","Done"
"501","WWE: Summerslam","https://www.tickpick.com/wrestling/wwe-summerslam-tickets/","Done"
"504","Masters Golf Tournament","https://www.tickpick.com/pga/masters-golf-tournament-tickets/","Done"
"502","CME Group LPGA Tour Championship","https://www.tickpick.com/golf/cme-group-lpga-tour-championship-tickets/","Done"
"505","PGA Championship","https://www.tickpick.com/pga/pga-championship-tickets/","Done"
"522","US Open Tennis Championships","https://www.tickpick.com/tennis/us-open-tennis-championships-tickets/","New"
"63","Utah Mammoth","https://www.tickpick.com/nhl/utah-mammoth-tickets/","New"
"125","Miami Dolphins","https://www.tickpick.com/nfl/miami-dolphins-tickets/","New"
"4","Boston Red Sox","https://www.tickpick.com/mlb/boston-red-sox-tickets/","New"
"199","Harry Potter and The Cursed Child","https://www.tickpick.com/theater/harry-potter-and-the-cursed-child-tickets/","New"
"348","Providence Friars","https://www.tickpick.com/ncaa-basketball/providence-friars-basketball-tickets/","New"
"283","North Carolina State Wolfpack","https://www.tickpick.com/ncaa-basketball/north-carolina-state-wolfpack-basketball-tickets/","New"
"281","Louisville Cardinals","https://www.tickpick.com/ncaa-basketball/louisville-cardinals-basketball-tickets/","New"
"286","Pittsburgh Panthers","https://www.tickpick.com/ncaa-basketball/pittsburgh-panthers-basketball-tickets/","New"
"288","Stanford Cardinal","https://www.tickpick.com/ncaa-basketball/stanford-cardinal-basketball-tickets/","New"
"292","Wake Forest Demon Deacons","https://www.tickpick.com/ncaa-basketball/wake-forest-demon-deacons-basketball-tickets/","New"
"204","The Lion King","https://www.tickpick.com/theater/the-lion-king-tickets/","New"
"424","Nashville SC","https://www.tickpick.com/mls/nashville-sc-tickets/","New"
"506","Senior PGA Championship","https://www.tickpick.com/pga/senior-pga-championship-tickets/","Done"
"507","US Open Golf","https://www.tickpick.com/pga/us-open-golf-tickets/","Done"
"508","BMW Championship","https://www.tickpick.com/pga/bmw-championship-tickets/","Done"
"510","Genesis Invitational","https://www.tickpick.com/pga/genesis-invitational-tickets/","Done"
"509","Chevron Championship","https://www.tickpick.com/golf/chevron-championship-tickets/","Done"
"511","KPMG Women's PGA Championship","https://www.tickpick.com/golf/kpmg-womens-pga-championship-tickets/","Done"
"516","The Players Championship","https://www.tickpick.com/pga/the-players-championship-tickets/","Done"
"517","The Tour Championship","https://www.tickpick.com/pga/the-tour-championship-tickets/","Done"
"518","U.S. Women's Open Golf","https://www.tickpick.com/golf/u-s-womens-open-golf-tickets/","Done"
"519","WM Phoenix Open","https://www.tickpick.com/pga/wm-phoenix-open-tickets/","Done"
"558","Islam Makhachev","https://www.tickpick.com/mixed-martial-arts/islam-makhachev-tickets/","Done"
"512","LPGA Tour","https://www.tickpick.com/golf/lpga-tour-tickets/","Done"
"559","Jack Della Maddalena","https://www.tickpick.com/mixed-martial-arts/jack-della-maddalena-tickets/","Done"
"560","Jiri Prochazka","https://www.tickpick.com/mixed-martial-arts/jiri-prochazka-tickets/","Done"
"561","Khalil Rountree Jr","https://www.tickpick.com/mixed-martial-arts/khalil-rountree-jr-tickets/","Done"
"562","Magomed Ankalaev","https://www.tickpick.com/mixed-martial-arts/magomed-ankalaev-tickets/","Done"
"563","Merab Dvalishvili","https://www.tickpick.com/mixed-martial-arts/merab-dvalishvili-tickets/","Done"
"565","UFC 320","https://www.tickpick.com/mixed-martial-arts/ufc-320-tickets/","Done"
"564","UFC - Ultimate Fighting Championship","https://www.tickpick.com/mixed-martial-arts/ufc-ultimate-fighting-championship-tickets/","Done"
"566","UFC 322","https://www.tickpick.com/mixed-martial-arts/ufc-322-tickets/","Done"
"568","Valentina Shevchenko","https://www.tickpick.com/mixed-martial-arts/valentina-shevchenko-tickets/","Done"
"569","Zhang Weili","https://www.tickpick.com/mixed-martial-arts/zhang-weili-tickets/","Done"
"567","UFC Fight Night","https://www.tickpick.com/mixed-martial-arts/ufc-fight-night-tickets/","Done"
"570","Canadian Grand Prix","https://www.tickpick.com/racing/canadian-grand-prix-tickets/","Done"
"571","Las Vegas Grand Prix","https://www.tickpick.com/racing/las-vegas-grand-prix-tickets/","Done"
"573","Miami Grand Prix","https://www.tickpick.com/racing/miami-grand-prix-tickets/","Done"
"574","US Grand Prix","https://www.tickpick.com/racing/us-grand-prix-tickets/","Done"
"575","Daytona 500","https://www.tickpick.com/nascar/daytona-500-tickets/","Done"
"577","NASCAR All-Star Race","https://www.tickpick.com/nascar/nascar-all-star-race-tickets/","Done"
"580","NASCAR Xfinity Series","https://www.tickpick.com/nascar/nascar-xfinity-series-tickets/","Done"
"285","Notre Dame Fighting Irish","https://www.tickpick.com/ncaa-basketball/notre-dame-fighting-irish-basketball-tickets/","Done"
"576","Monster Energy NASCAR Cup Series","https://www.tickpick.com/nascar/monster-energy-nascar-cup-series-tickets/","Done"
"327","Alabama Crimson Tide","https://www.tickpick.com/ncaa-basketball/alabama-crimson-tide-basketball-tickets/","Done"
"372","New Orleans Jazz And Heritage Festival","https://www.tickpick.com/concerts/new-orleans-jazz-and-heritage-festival-tickets/","Done"
"423","Inter Miami CF","https://www.tickpick.com/mls/inter-miami-cf-tickets/","Done"
"437","Minnesota United FC","https://www.tickpick.com/mls/minnesota-united-fc-tickets/","Done"
"66","Washington Capitals","https://www.tickpick.com/nhl/washington-capitals-tickets/","Done"
"514","PGA Tour","https://www.tickpick.com/pga/pga-tour-tickets/","Done"
"481","Mexico National Football Team","https://www.tickpick.com/soccer/mexico-national-football-team-tickets/","Done"
"64","Vancouver Canucks","https://www.tickpick.com/nhl/vancouver-canucks-tickets/","Done"
"196","Disney On Ice: Jump In!","https://www.tickpick.com/theater/disney-on-ice-jump-in!-tickets/","Done"
"526","Delray Beach Open","https://www.tickpick.com/tennis/delray-beach-open-tickets/","Done"
"29","Toronto Blue Jays","https://www.tickpick.com/mlb/toronto-blue-jays-tickets/","Done"
